Year,Region,Island,GPS_name,Sample_type,Species,N15
2015,Chagos,Eagle,Eagle-Fish,Fish,Plectroglyphidodon lacrymatus,10.55
2015,Chagos,Eagle,Eagle-Fish,Fish,Plectroglyphidodon lacrymatus,10.4
2015,Chagos,Eagle,Eagle-Fish,Fish,Plectroglyphidodon lacrymatus,10.76
2015,Chagos,Eagle,Eagle-Fish,Fish,Plectroglyphidodon lacrymatus,10.94
2015,Chagos,Eagle,Eagle-Fish,Fish,Plectroglyphidodon lacrymatus,10.9
2015,Chagos,Eagle,Eagle-Fish,Fish,Plectroglyphidodon lacrymatus,10.79
2015,Chagos,Eagle,Eagle-Fish,Fish,Plectroglyphidodon lacrymatus,11.09
2015,Chagos,Eagle,Eagle-Fish,Fish,Plectroglyphidodon lacrymatus,10.8
2015,Chagos,Eagle,Eagle-Fish,Fish,Plectroglyphidodon lacrymatus,10.51
2015,Chagos,Eagle,Eagle-Fish,Fish,Plectroglyphidodon lacrymatus,10.31
2015,Chagos,Eagle,Eagle-Leaves,Leaves,Scaevola taccada,-3.48
2015,Chagos,Eagle,Eagle-Leaves,Leaves,Scaevola taccada,-1.87
2015,Chagos,Eagle,Eagle-Leaves,Leaves,Scaevola taccada,-2.09
2015,Chagos,Eagle,Eagle-Leaves,Leaves,Scaevola taccada,-2.52
2015,Chagos,Eagle,Eagle-Leaves,Leaves,Scaevola taccada,-2.52
2015,Chagos,Eagle,Eagle-Leaves,Leaves,Scaevola taccada,-2.84
2015,Chagos,Eagle,Eagle-Leaves,Leaves,Scaevola taccada,-4.03
2015,Chagos,Eagle,Eagle-Leaves,Leaves,Scaevola taccada,-2.08
2015,Chagos,Eagle,Eagle-Leaves,Leaves,Scaevola taccada,-2.93
2015,Chagos,Eagle,Eagle-Leaves,Leaves,Scaevola taccada,-1.85
2015,Chagos,Eagle,Eagle-Macroalgae,Macroalgae,Halimeda,6.11
2015,Chagos,Eagle,Eagle-Macroalgae,Macroalgae,Halimeda,3.99
2015,Chagos,Eagle,Eagle-Macroalgae,Macroalgae,Halimeda,4.52
2015,Chagos,Eagle,Eagle-Macroalgae,Macroalgae,Halimeda,5.14
2015,Chagos,Eagle,Eagle-Macroalgae,Macroalgae,Halimeda,5.18
2015,Chagos,Eagle,Eagle-Macroalgae,Macroalgae,Halimeda,4.21
2015,Chagos,Eagle,Eagle-Macroalgae,Macroalgae,Halimeda,4.83
2015,Chagos,Eagle,Eagle-Macroalgae,Macroalgae,Halimeda,6.82
2015,Chagos,Eagle,Eagle-Macroalgae,Macroalgae,Halimeda,4.32
2015,Chagos,Eagle,Eagle-Soil,Soil,Soil,2.43
2015,Chagos,Eagle,Eagle-Soil,Soil,Soil,2
2015,Chagos,Eagle,Eagle-Soil,Soil,Soil,2.62
2015,Chagos,Eagle,Eagle-Soil,Soil,Soil,2.64
2015,Chagos,Eagle,Eagle-Soil,Soil,Soil,2.62
2015,Chagos,Eagle,Eagle-Soil,Soil,Soil,2.5
2015,Chagos,Eagle,Eagle-Soil,Soil,Soil,2.94
2015,Chagos,Eagle,Eagle-Soil,Soil,Soil,2.84
2015,Chagos,Eagle,Eagle-Soil,Soil,Soil,3.37
2015,Chagos,Eagle,Eagle-Soil,Soil,Soil,2.03
2015,Chagos,Eagle,Eagle-Sponge,Sponge,Spheciospongia,6.83
2015,Chagos,Eagle,Eagle-Sponge,Sponge,Spheciospongia,6.73
2015,Chagos,Eagle,Eagle-Sponge,Sponge,Spheciospongia,6.3
2015,Chagos,Eagle,Eagle-Sponge,Sponge,Spheciospongia,6.3
2015,Chagos,Eagle,Eagle-Sponge,Sponge,Spheciospongia,6.63
2015,Chagos,Eagle,Eagle-Sponge,Sponge,Spheciospongia,6.12
2015,Chagos,Eagle,Eagle-Sponge,Sponge,Spheciospongia,6.31
2015,Chagos,Eagle,Eagle-Sponge,Sponge,Spheciospongia,6.24
2015,Chagos,Eagle,Eagle-Sponge,Sponge,Spheciospongia,6.11
2015,Chagos,Eagle,Eagle-Sponge,Sponge,Spheciospongia,6.22
2015,Chagos,Eagle,Eagle-Turf,Turf,Turf,5.34
2015,Chagos,Eagle,Eagle-Turf,Turf,Turf,5.29
2015,Chagos,Eagle,Eagle-Turf,Turf,Turf,5.69
2015,Chagos,Eagle,Eagle-Turf,Turf,Turf,5.45
2015,Chagos,Eagle,Eagle-Turf,Turf,Turf,5.6
2015,Chagos,Eagle,Eagle-Turf,Turf,Turf,5.58
2015,Chagos,Eagle,Eagle-Turf,Turf,Turf,5.43
2015,Chagos,Eagle,Eagle-Turf,Turf,Turf,5.43
2015,Chagos,Eagle,Eagle-Turf,Turf,Turf,5.79
2015,Chagos,Eagle,Eagle-Turf,Turf,Turf,5.36
2015,Chagos,Grande_Ile_Coquillage,Grande_Ile_Coquillage-Fish,Fish,Plectroglyphidodon lacrymatus,11.23
2015,Chagos,Grande_Ile_Coquillage,Grande_Ile_Coquillage-Fish,Fish,Plectroglyphidodon lacrymatus,11.81
2015,Chagos,Grande_Ile_Coquillage,Grande_Ile_Coquillage-Fish,Fish,Plectroglyphidodon lacrymatus,11.52
2015,Chagos,Grande_Ile_Coquillage,Grande_Ile_Coquillage-Fish,Fish,Plectroglyphidodon lacrymatus,11.17
2015,Chagos,Grande_Ile_Coquillage,Grande_Ile_Coquillage-Fish,Fish,Plectroglyphidodon lacrymatus,11.48
2015,Chagos,Grande_Ile_Coquillage,Grande_Ile_Coquillage-Fish,Fish,Plectroglyphidodon lacrymatus,11.25
2015,Chagos,Grande_Ile_Coquillage,Grande_Ile_Coquillage-Fish,Fish,Plectroglyphidodon lacrymatus,11.46
2015,Chagos,Grande_Ile_Coquillage,Grande_Ile_Coquillage-Fish,Fish,Plectroglyphidodon lacrymatus,11.34
2015,Chagos,Grande_Ile_Coquillage,Grande_Ile_Coquillage-Fish,Fish,Plectroglyphidodon lacrymatus,11.56
2015,Chagos,Grande_Ile_Coquillage,Grande_Ile_Coquillage-Fish,Fish,Plectroglyphidodon lacrymatus,11.12
2015,Chagos,Grande_Ile_Coquillage,Grande_Ile_Coquillage-Leaves,Leaves,Scaevola taccada,10.72
2015,Chagos,Grande_Ile_Coquillage,Grande_Ile_Coquillage-Leaves,Leaves,Scaevola taccada,11.63
2015,Chagos,Grande_Ile_Coquillage,Grande_Ile_Coquillage-Leaves,Leaves,Scaevola taccada,10.52
2015,Chagos,Grande_Ile_Coquillage,Grande_Ile_Coquillage-Leaves,Leaves,Scaevola taccada,10.61
2015,Chagos,Grande_Ile_Coquillage,Grande_Ile_Coquillage-Leaves,Leaves,Scaevola taccada,12.21
2015,Chagos,Grande_Ile_Coquillage,Grande_Ile_Coquillage-Leaves,Leaves,Scaevola taccada,10.69
2015,Chagos,Grande_Ile_Coquillage,Grande_Ile_Coquillage-Leaves,Leaves,Scaevola taccada,10.72
2015,Chagos,Grande_Ile_Coquillage,Grande_Ile_Coquillage-Leaves,Leaves,Scaevola taccada,12.02
2015,Chagos,Grande_Ile_Coquillage,Grande_Ile_Coquillage-Leaves,Leaves,Scaevola taccada,10.95
2015,Chagos,Grande_Ile_Coquillage,Grande_Ile_Coquillage-Leaves,Leaves,Scaevola taccada,12.5
2015,Chagos,Grande_Ile_Coquillage,Grande_Ile_Coquillage-Macroalgae,Macroalgae,Halimeda,5.91
2015,Chagos,Grande_Ile_Coquillage,Grande_Ile_Coquillage-Macroalgae,Macroalgae,Halimeda,5.07
2015,Chagos,Grande_Ile_Coquillage,Grande_Ile_Coquillage-Macroalgae,Macroalgae,Halimeda,4.74
2015,Chagos,Grande_Ile_Coquillage,Grande_Ile_Coquillage-Macroalgae,Macroalgae,Halimeda,5.25
2015,Chagos,Grande_Ile_Coquillage,Grande_Ile_Coquillage-Macroalgae,Macroalgae,Halimeda,4.74
2015,Chagos,Grande_Ile_Coquillage,Grande_Ile_Coquillage-Macroalgae,Macroalgae,Halimeda,5.1
2015,Chagos,Grande_Ile_Coquillage,Grande_Ile_Coquillage-Macroalgae,Macroalgae,Halimeda,5.95
2015,Chagos,Grande_Ile_Coquillage,Grande_Ile_Coquillage-Macroalgae,Macroalgae,Halimeda,5.65
2015,Chagos,Grande_Ile_Coquillage,Grande_Ile_Coquillage-Macroalgae,Macroalgae,Halimeda,5.74
2015,Chagos,Grande_Ile_Coquillage,Grande_Ile_Coquillage-Macroalgae,Macroalgae,Halimeda,5.51
2015,Chagos,Grande_Ile_Coquillage,Grande_Ile_Coquillage-Soil,Soil,Soil,13.47
2015,Chagos,Grande_Ile_Coquillage,Grande_Ile_Coquillage-Soil,Soil,Soil,11.07
2015,Chagos,Grande_Ile_Coquillage,Grande_Ile_Coquillage-Soil,Soil,Soil,15.16
2015,Chagos,Grande_Ile_Coquillage,Grande_Ile_Coquillage-Soil,Soil,Soil,11.98
2015,Chagos,Grande_Ile_Coquillage,Grande_Ile_Coquillage-Soil,Soil,Soil,13.25
2015,Chagos,Grande_Ile_Coquillage,Grande_Ile_Coquillage-Soil,Soil,Soil,10.83
2015,Chagos,Grande_Ile_Coquillage,Grande_Ile_Coquillage-Soil,Soil,Soil,12.54
2015,Chagos,Grande_Ile_Coquillage,Grande_Ile_Coquillage-Soil,Soil,Soil,14.18
2015,Chagos,Grande_Ile_Coquillage,Grande_Ile_Coquillage-Soil,Soil,Soil,11.55
2015,Chagos,Grande_Ile_Coquillage,Grande_Ile_Coquillage-Soil,Soil,Soil,12.79
2015,Chagos,Grande_Ile_Coquillage,Grande_Ile_Coquillage-Sponge,Sponge,Spheciospongia,6.83
2015,Chagos,Grande_Ile_Coquillage,Grande_Ile_Coquillage-Sponge,Sponge,Spheciospongia,7.51
2015,Chagos,Grande_Ile_Coquillage,Grande_Ile_Coquillage-Sponge,Sponge,Spheciospongia,7.51
2015,Chagos,Grande_Ile_Coquillage,Grande_Ile_Coquillage-Sponge,Sponge,Spheciospongia,7.9
2015,Chagos,Grande_Ile_Coquillage,Grande_Ile_Coquillage-Sponge,Sponge,Spheciospongia,7.01
2015,Chagos,Grande_Ile_Coquillage,Grande_Ile_Coquillage-Sponge,Sponge,Spheciospongia,6.63
2015,Chagos,Grande_Ile_Coquillage,Grande_Ile_Coquillage-Sponge,Sponge,Spheciospongia,7.61
2015,Chagos,Grande_Ile_Coquillage,Grande_Ile_Coquillage-Sponge,Sponge,Spheciospongia,7.19
2015,Chagos,Grande_Ile_Coquillage,Grande_Ile_Coquillage-Sponge,Sponge,Spheciospongia,7.33
2015,Chagos,Grande_Ile_Coquillage,Grande_Ile_Coquillage-Sponge,Sponge,Spheciospongia,7.69
2015,Chagos,Grande_Ile_Coquillage,Grande_Ile_Coquillage-Turf,Turf,Turf,5.31
2015,Chagos,Grande_Ile_Coquillage,Grande_Ile_Coquillage-Turf,Turf,Turf,5.77
2015,Chagos,Grande_Ile_Coquillage,Grande_Ile_Coquillage-Turf,Turf,Turf,5.81
2015,Chagos,Grande_Ile_Coquillage,Grande_Ile_Coquillage-Turf,Turf,Turf,5.54
2015,Chagos,Grande_Ile_Coquillage,Grande_Ile_Coquillage-Turf,Turf,Turf,5.14
2015,Chagos,Grande_Ile_Coquillage,Grande_Ile_Coquillage-Turf,Turf,Turf,6.05
2015,Chagos,Grande_Ile_Coquillage,Grande_Ile_Coquillage-Turf,Turf,Turf,5.07
2015,Chagos,Grande_Ile_Coquillage,Grande_Ile_Coquillage-Turf,Turf,Turf,3.19
2015,Chagos,Grande_Ile_Coquillage,Grande_Ile_Coquillage-Turf,Turf,Turf,5.75
2015,Chagos,Grande_Ile_Coquillage,Grande_Ile_Coquillage-Turf,Turf,Turf,4.66
2015,Chagos,Grande_Ile_Mapou,Grande_Ile_Mapou-Fish,Fish,Plectroglyphidodon lacrymatus,10.43
2015,Chagos,Grande_Ile_Mapou,Grande_Ile_Mapou-Fish,Fish,Plectroglyphidodon lacrymatus,11.02
2015,Chagos,Grande_Ile_Mapou,Grande_Ile_Mapou-Fish,Fish,Plectroglyphidodon lacrymatus,10.7
2015,Chagos,Grande_Ile_Mapou,Grande_Ile_Mapou-Fish,Fish,Plectroglyphidodon lacrymatus,10.3
2015,Chagos,Grande_Ile_Mapou,Grande_Ile_Mapou-Fish,Fish,Plectroglyphidodon lacrymatus,10.78
2015,Chagos,Grande_Ile_Mapou,Grande_Ile_Mapou-Fish,Fish,Plectroglyphidodon lacrymatus,10.73
2015,Chagos,Grande_Ile_Mapou,Grande_Ile_Mapou-Fish,Fish,Plectroglyphidodon lacrymatus,10.19
2015,Chagos,Grande_Ile_Mapou,Grande_Ile_Mapou-Fish,Fish,Plectroglyphidodon lacrymatus,11.06
2015,Chagos,Grande_Ile_Mapou,Grande_Ile_Mapou-Fish,Fish,Plectroglyphidodon lacrymatus,10.38
2015,Chagos,Grande_Ile_Mapou,Grande_Ile_Mapou-Fish,Fish,Plectroglyphidodon lacrymatus,10.66
2015,Chagos,Grande_Ile_Mapou,Grande_Ile_Mapou-Leaves,Leaves,Scaevola taccada,-2.87
2015,Chagos,Grande_Ile_Mapou,Grande_Ile_Mapou-Leaves,Leaves,Scaevola taccada,-0.13
2015,Chagos,Grande_Ile_Mapou,Grande_Ile_Mapou-Leaves,Leaves,Scaevola taccada,6.46
2015,Chagos,Grande_Ile_Mapou,Grande_Ile_Mapou-Leaves,Leaves,Scaevola taccada,-0.93
2015,Chagos,Grande_Ile_Mapou,Grande_Ile_Mapou-Leaves,Leaves,Scaevola taccada,-1.35
2015,Chagos,Grande_Ile_Mapou,Grande_Ile_Mapou-Leaves,Leaves,Scaevola taccada,-0.02
2015,Chagos,Grande_Ile_Mapou,Grande_Ile_Mapou-Leaves,Leaves,Scaevola taccada,-1.91
2015,Chagos,Grande_Ile_Mapou,Grande_Ile_Mapou-Leaves,Leaves,Scaevola taccada,6.15
2015,Chagos,Grande_Ile_Mapou,Grande_Ile_Mapou-Leaves,Leaves,Scaevola taccada,6.31
2015,Chagos,Grande_Ile_Mapou,Grande_Ile_Mapou-Leaves,Leaves,Scaevola taccada,-0.25
2015,Chagos,Grande_Ile_Mapou,Grande_Ile_Mapou-Macroalgae,Macroalgae,Halimeda,3.53
2015,Chagos,Grande_Ile_Mapou,Grande_Ile_Mapou-Macroalgae,Macroalgae,Halimeda,3.64
2015,Chagos,Grande_Ile_Mapou,Grande_Ile_Mapou-Macroalgae,Macroalgae,Halimeda,3.09
2015,Chagos,Grande_Ile_Mapou,Grande_Ile_Mapou-Macroalgae,Macroalgae,Halimeda,3.78
2015,Chagos,Grande_Ile_Mapou,Grande_Ile_Mapou-Macroalgae,Macroalgae,Halimeda,3.7
2015,Chagos,Grande_Ile_Mapou,Grande_Ile_Mapou-Macroalgae,Macroalgae,Halimeda,3.94
2015,Chagos,Grande_Ile_Mapou,Grande_Ile_Mapou-Macroalgae,Macroalgae,Halimeda,3.89
2015,Chagos,Grande_Ile_Mapou,Grande_Ile_Mapou-Macroalgae,Macroalgae,Halimeda,3.54
2015,Chagos,Grande_Ile_Mapou,Grande_Ile_Mapou-Macroalgae,Macroalgae,Halimeda,3.73
2015,Chagos,Grande_Ile_Mapou,Grande_Ile_Mapou-Macroalgae,Macroalgae,Halimeda,4.32
2015,Chagos,Grande_Ile_Mapou,Grande_Ile_Mapou-Soil,Soil,Soil,4.7
2015,Chagos,Grande_Ile_Mapou,Grande_Ile_Mapou-Soil,Soil,Soil,2.45
2015,Chagos,Grande_Ile_Mapou,Grande_Ile_Mapou-Soil,Soil,Soil,4.27
2015,Chagos,Grande_Ile_Mapou,Grande_Ile_Mapou-Soil,Soil,Soil,5.71
2015,Chagos,Grande_Ile_Mapou,Grande_Ile_Mapou-Soil,Soil,Soil,1.39
2015,Chagos,Grande_Ile_Mapou,Grande_Ile_Mapou-Soil,Soil,Soil,3.03
2015,Chagos,Grande_Ile_Mapou,Grande_Ile_Mapou-Soil,Soil,Soil,3.17
2015,Chagos,Grande_Ile_Mapou,Grande_Ile_Mapou-Soil,Soil,Soil,0.96
2015,Chagos,Grande_Ile_Mapou,Grande_Ile_Mapou-Soil,Soil,Soil,2.31
2015,Chagos,Grande_Ile_Mapou,Grande_Ile_Mapou-Soil,Soil,Soil,3.3
2015,Chagos,Grande_Ile_Mapou,Grande_Ile_Mapou-Sponge,Sponge,Spheciospongia,5.95
2015,Chagos,Grande_Ile_Mapou,Grande_Ile_Mapou-Sponge,Sponge,Spheciospongia,5.96
2015,Chagos,Grande_Ile_Mapou,Grande_Ile_Mapou-Sponge,Sponge,Spheciospongia,5.96
2015,Chagos,Grande_Ile_Mapou,Grande_Ile_Mapou-Sponge,Sponge,Spheciospongia,6.17
2015,Chagos,Grande_Ile_Mapou,Grande_Ile_Mapou-Sponge,Sponge,Spheciospongia,6.46
2015,Chagos,Grande_Ile_Mapou,Grande_Ile_Mapou-Sponge,Sponge,Spheciospongia,5.63
2015,Chagos,Grande_Ile_Mapou,Grande_Ile_Mapou-Sponge,Sponge,Spheciospongia,6.54
2015,Chagos,Grande_Ile_Mapou,Grande_Ile_Mapou-Sponge,Sponge,Spheciospongia,6.44
2015,Chagos,Grande_Ile_Mapou,Grande_Ile_Mapou-Sponge,Sponge,Spheciospongia,6.64
2015,Chagos,Grande_Ile_Mapou,Grande_Ile_Mapou-Sponge,Sponge,Spheciospongia,5.9
2015,Chagos,Grande_Ile_Mapou,Grande_Ile_Mapou-Turf,Turf,Turf,5.38
2015,Chagos,Grande_Ile_Mapou,Grande_Ile_Mapou-Turf,Turf,Turf,5.26
2015,Chagos,Grande_Ile_Mapou,Grande_Ile_Mapou-Turf,Turf,Turf,5.24
2015,Chagos,Grande_Ile_Mapou,Grande_Ile_Mapou-Turf,Turf,Turf,4.79
2015,Chagos,Grande_Ile_Mapou,Grande_Ile_Mapou-Turf,Turf,Turf,5.43
2015,Chagos,Grande_Ile_Mapou,Grande_Ile_Mapou-Turf,Turf,Turf,4.89
2015,Chagos,Grande_Ile_Mapou,Grande_Ile_Mapou-Turf,Turf,Turf,5.65
2015,Chagos,Grande_Ile_Mapou,Grande_Ile_Mapou-Turf,Turf,Turf,5.49
2015,Chagos,Grande_Ile_Mapou,Grande_Ile_Mapou-Turf,Turf,Turf,5.06
2015,Chagos,Grande_Ile_Mapou,Grande_Ile_Mapou-Turf,Turf,Turf,5.38
2015,Chagos,Ile_de_la_Passe,Ile_de_la_Passe-Fish,Fish,Plectroglyphidodon lacrymatus,11.13
2015,Chagos,Ile_de_la_Passe,Ile_de_la_Passe-Fish,Fish,Plectroglyphidodon lacrymatus,10.99
2015,Chagos,Ile_de_la_Passe,Ile_de_la_Passe-Fish,Fish,Plectroglyphidodon lacrymatus,10.59
2015,Chagos,Ile_de_la_Passe,Ile_de_la_Passe-Fish,Fish,Plectroglyphidodon lacrymatus,11.1
2015,Chagos,Ile_de_la_Passe,Ile_de_la_Passe-Fish,Fish,Plectroglyphidodon lacrymatus,10.98
2015,Chagos,Ile_de_la_Passe,Ile_de_la_Passe-Fish,Fish,Plectroglyphidodon lacrymatus,10.89
2015,Chagos,Ile_de_la_Passe,Ile_de_la_Passe-Fish,Fish,Plectroglyphidodon lacrymatus,10.68
2015,Chagos,Ile_de_la_Passe,Ile_de_la_Passe-Fish,Fish,Plectroglyphidodon lacrymatus,11.05
2015,Chagos,Ile_de_la_Passe,Ile_de_la_Passe-Fish,Fish,Plectroglyphidodon lacrymatus,10.93
2015,Chagos,Ile_de_la_Passe,Ile_de_la_Passe-Fish,Fish,Plectroglyphidodon lacrymatus,10.88
2015,Chagos,Ile_de_la_Passe,Ile_de_la_Passe-Leaves,Leaves,Scaevola taccada,6.81
2015,Chagos,Ile_de_la_Passe,Ile_de_la_Passe-Leaves,Leaves,Scaevola taccada,4.64
2015,Chagos,Ile_de_la_Passe,Ile_de_la_Passe-Leaves,Leaves,Scaevola taccada,6.37
2015,Chagos,Ile_de_la_Passe,Ile_de_la_Passe-Leaves,Leaves,Scaevola taccada,7.31
2015,Chagos,Ile_de_la_Passe,Ile_de_la_Passe-Leaves,Leaves,Scaevola taccada,4.62
2015,Chagos,Ile_de_la_Passe,Ile_de_la_Passe-Leaves,Leaves,Scaevola taccada,4.29
2015,Chagos,Ile_de_la_Passe,Ile_de_la_Passe-Leaves,Leaves,Scaevola taccada,5.85
2015,Chagos,Ile_de_la_Passe,Ile_de_la_Passe-Leaves,Leaves,Scaevola taccada,6.06
2015,Chagos,Ile_de_la_Passe,Ile_de_la_Passe-Leaves,Leaves,Scaevola taccada,6.93
2015,Chagos,Ile_de_la_Passe,Ile_de_la_Passe-Leaves,Leaves,Scaevola taccada,6.26
2015,Chagos,Ile_de_la_Passe,Ile_de_la_Passe-Macroalgae,Macroalgae,Halimeda,4.4
2015,Chagos,Ile_de_la_Passe,Ile_de_la_Passe-Macroalgae,Macroalgae,Halimeda,4.73
2015,Chagos,Ile_de_la_Passe,Ile_de_la_Passe-Macroalgae,Macroalgae,Halimeda,4.91
2015,Chagos,Ile_de_la_Passe,Ile_de_la_Passe-Macroalgae,Macroalgae,Halimeda,4.75
2015,Chagos,Ile_de_la_Passe,Ile_de_la_Passe-Macroalgae,Macroalgae,Halimeda,4.43
2015,Chagos,Ile_de_la_Passe,Ile_de_la_Passe-Macroalgae,Macroalgae,Halimeda,4.78
2015,Chagos,Ile_de_la_Passe,Ile_de_la_Passe-Macroalgae,Macroalgae,Halimeda,4.78
2015,Chagos,Ile_de_la_Passe,Ile_de_la_Passe-Macroalgae,Macroalgae,Halimeda,4.75
2015,Chagos,Ile_de_la_Passe,Ile_de_la_Passe-Macroalgae,Macroalgae,Halimeda,4.28
2015,Chagos,Ile_de_la_Passe,Ile_de_la_Passe-Macroalgae,Macroalgae,Halimeda,4.34
2015,Chagos,Ile_de_la_Passe,Ile_de_la_Passe-Soil,Soil,Soil,4.71
2015,Chagos,Ile_de_la_Passe,Ile_de_la_Passe-Soil,Soil,Soil,10.33
2015,Chagos,Ile_de_la_Passe,Ile_de_la_Passe-Soil,Soil,Soil,10.74
2015,Chagos,Ile_de_la_Passe,Ile_de_la_Passe-Soil,Soil,Soil,6.53
2015,Chagos,Ile_de_la_Passe,Ile_de_la_Passe-Soil,Soil,Soil,11.31
2015,Chagos,Ile_de_la_Passe,Ile_de_la_Passe-Soil,Soil,Soil,7.05
2015,Chagos,Ile_de_la_Passe,Ile_de_la_Passe-Soil,Soil,Soil,6.74
2015,Chagos,Ile_de_la_Passe,Ile_de_la_Passe-Soil,Soil,Soil,8.87
2015,Chagos,Ile_de_la_Passe,Ile_de_la_Passe-Soil,Soil,Soil,7.98
2015,Chagos,Ile_de_la_Passe,Ile_de_la_Passe-Soil,Soil,Soil,5.4
2015,Chagos,Ile_de_la_Passe,Ile_de_la_Passe-Sponge,Sponge,Spheciospongia,5.75
2015,Chagos,Ile_de_la_Passe,Ile_de_la_Passe-Sponge,Sponge,Spheciospongia,5.76
2015,Chagos,Ile_de_la_Passe,Ile_de_la_Passe-Sponge,Sponge,Spheciospongia,5.89
2015,Chagos,Ile_de_la_Passe,Ile_de_la_Passe-Sponge,Sponge,Spheciospongia,6.22
2015,Chagos,Ile_de_la_Passe,Ile_de_la_Passe-Sponge,Sponge,Spheciospongia,6.36
2015,Chagos,Ile_de_la_Passe,Ile_de_la_Passe-Sponge,Sponge,Spheciospongia,7.34
2015,Chagos,Ile_de_la_Passe,Ile_de_la_Passe-Sponge,Sponge,Spheciospongia,5.95
2015,Chagos,Ile_de_la_Passe,Ile_de_la_Passe-Sponge,Sponge,Spheciospongia,5.09
2015,Chagos,Ile_de_la_Passe,Ile_de_la_Passe-Sponge,Sponge,Spheciospongia,5.73
2015,Chagos,Ile_de_la_Passe,Ile_de_la_Passe-Sponge,Sponge,Spheciospongia,5.85
2015,Chagos,Ile_de_la_Passe,Ile_de_la_Passe-Turf,Turf,Turf,4.49
2015,Chagos,Ile_de_la_Passe,Ile_de_la_Passe-Turf,Turf,Turf,4.17
2015,Chagos,Ile_de_la_Passe,Ile_de_la_Passe-Turf,Turf,Turf,4.88
2015,Chagos,Ile_de_la_Passe,Ile_de_la_Passe-Turf,Turf,Turf,4.15
2015,Chagos,Ile_de_la_Passe,Ile_de_la_Passe-Turf,Turf,Turf,4.44
2015,Chagos,Ile_de_la_Passe,Ile_de_la_Passe-Turf,Turf,Turf,4.39
2015,Chagos,Ile_de_la_Passe,Ile_de_la_Passe-Turf,Turf,Turf,3.83
2015,Chagos,Ile_de_la_Passe,Ile_de_la_Passe-Turf,Turf,Turf,3.85
2015,Chagos,Ile_de_la_Passe,Ile_de_la_Passe-Turf,Turf,Turf,4.98
2015,Chagos,Ile_de_la_Passe,Ile_de_la_Passe-Turf,Turf,Turf,3.92
2015,Chagos,Ile_Fouquet,Ile_Fouquet-Fish,Fish,Plectroglyphidodon lacrymatus,10.89
2015,Chagos,Ile_Fouquet,Ile_Fouquet-Fish,Fish,Plectroglyphidodon lacrymatus,10.29
2015,Chagos,Ile_Fouquet,Ile_Fouquet-Fish,Fish,Plectroglyphidodon lacrymatus,9.95
2015,Chagos,Ile_Fouquet,Ile_Fouquet-Fish,Fish,Plectroglyphidodon lacrymatus,10.71
2015,Chagos,Ile_Fouquet,Ile_Fouquet-Fish,Fish,Plectroglyphidodon lacrymatus,10.55
2015,Chagos,Ile_Fouquet,Ile_Fouquet-Fish,Fish,Plectroglyphidodon lacrymatus,10.39
2015,Chagos,Ile_Fouquet,Ile_Fouquet-Fish,Fish,Plectroglyphidodon lacrymatus,10.44
2015,Chagos,Ile_Fouquet,Ile_Fouquet-Fish,Fish,Plectroglyphidodon lacrymatus,10.4
2015,Chagos,Ile_Fouquet,Ile_Fouquet-Fish,Fish,Plectroglyphidodon lacrymatus,11.39
2015,Chagos,Ile_Fouquet,Ile_Fouquet-Fish,Fish,Plectroglyphidodon lacrymatus,10.84
2015,Chagos,Ile_Fouquet,Ile_Fouquet-Leaves,Leaves,Scaevola taccada,5.29
2015,Chagos,Ile_Fouquet,Ile_Fouquet-Leaves,Leaves,Scaevola taccada,12.8
2015,Chagos,Ile_Fouquet,Ile_Fouquet-Leaves,Leaves,Scaevola taccada,7.24
2015,Chagos,Ile_Fouquet,Ile_Fouquet-Leaves,Leaves,Scaevola taccada,3.58
2015,Chagos,Ile_Fouquet,Ile_Fouquet-Leaves,Leaves,Scaevola taccada,5.45
2015,Chagos,Ile_Fouquet,Ile_Fouquet-Leaves,Leaves,Scaevola taccada,11.41
2015,Chagos,Ile_Fouquet,Ile_Fouquet-Leaves,Leaves,Scaevola taccada,6.34
2015,Chagos,Ile_Fouquet,Ile_Fouquet-Leaves,Leaves,Scaevola taccada,6.37
2015,Chagos,Ile_Fouquet,Ile_Fouquet-Leaves,Leaves,Scaevola taccada,10.6
2015,Chagos,Ile_Fouquet,Ile_Fouquet-Leaves,Leaves,Scaevola taccada,7.47
2015,Chagos,Ile_Fouquet,Ile_Fouquet-Macroalgae,Macroalgae,Halimeda,5.07
2015,Chagos,Ile_Fouquet,Ile_Fouquet-Macroalgae,Macroalgae,Halimeda,5.4
2015,Chagos,Ile_Fouquet,Ile_Fouquet-Macroalgae,Macroalgae,Halimeda,5.29
2015,Chagos,Ile_Fouquet,Ile_Fouquet-Macroalgae,Macroalgae,Halimeda,4.84
2015,Chagos,Ile_Fouquet,Ile_Fouquet-Macroalgae,Macroalgae,Halimeda,5.17
2015,Chagos,Ile_Fouquet,Ile_Fouquet-Macroalgae,Macroalgae,Halimeda,5.3
2015,Chagos,Ile_Fouquet,Ile_Fouquet-Macroalgae,Macroalgae,Halimeda,5.24
2015,Chagos,Ile_Fouquet,Ile_Fouquet-Macroalgae,Macroalgae,Halimeda,5.1
2015,Chagos,Ile_Fouquet,Ile_Fouquet-Macroalgae,Macroalgae,Halimeda,5.38
2015,Chagos,Ile_Fouquet,Ile_Fouquet-Macroalgae,Macroalgae,Halimeda,5.12
2015,Chagos,Ile_Fouquet,Ile_Fouquet-Soil,Soil,Soil,7.53
2015,Chagos,Ile_Fouquet,Ile_Fouquet-Soil,Soil,Soil,8
2015,Chagos,Ile_Fouquet,Ile_Fouquet-Soil,Soil,Soil,6.55
2015,Chagos,Ile_Fouquet,Ile_Fouquet-Soil,Soil,Soil,7.56
2015,Chagos,Ile_Fouquet,Ile_Fouquet-Soil,Soil,Soil,7.32
2015,Chagos,Ile_Fouquet,Ile_Fouquet-Soil,Soil,Soil,7.86
2015,Chagos,Ile_Fouquet,Ile_Fouquet-Soil,Soil,Soil,6.39
2015,Chagos,Ile_Fouquet,Ile_Fouquet-Soil,Soil,Soil,7.33
2015,Chagos,Ile_Fouquet,Ile_Fouquet-Soil,Soil,Soil,6.77
2015,Chagos,Ile_Fouquet,Ile_Fouquet-Soil,Soil,Soil,7.18
2015,Chagos,Ile_Fouquet,Ile_Fouquet-Sponge,Sponge,Spheciospongia,7.18
2015,Chagos,Ile_Fouquet,Ile_Fouquet-Sponge,Sponge,Spheciospongia,7.45
2015,Chagos,Ile_Fouquet,Ile_Fouquet-Sponge,Sponge,Spheciospongia,7.32
2015,Chagos,Ile_Fouquet,Ile_Fouquet-Sponge,Sponge,Spheciospongia,7.22
2015,Chagos,Ile_Fouquet,Ile_Fouquet-Sponge,Sponge,Spheciospongia,7.16
2015,Chagos,Ile_Fouquet,Ile_Fouquet-Sponge,Sponge,Spheciospongia,7.17
2015,Chagos,Ile_Fouquet,Ile_Fouquet-Sponge,Sponge,Spheciospongia,5.62
2015,Chagos,Ile_Fouquet,Ile_Fouquet-Sponge,Sponge,Spheciospongia,4.95
2015,Chagos,Ile_Fouquet,Ile_Fouquet-Sponge,Sponge,Spheciospongia,7.38
2015,Chagos,Ile_Fouquet,Ile_Fouquet-Sponge,Sponge,Spheciospongia,7.21
2015,Chagos,Ile_Fouquet,Ile_Fouquet-Turf,Turf,Turf,3.39
2015,Chagos,Ile_Fouquet,Ile_Fouquet-Turf,Turf,Turf,3.82
2015,Chagos,Ile_Fouquet,Ile_Fouquet-Turf,Turf,Turf,3.89
2015,Chagos,Ile_Fouquet,Ile_Fouquet-Turf,Turf,Turf,3.59
2015,Chagos,Ile_Fouquet,Ile_Fouquet-Turf,Turf,Turf,4.65
2015,Chagos,Ile_Fouquet,Ile_Fouquet-Turf,Turf,Turf,3.78
2015,Chagos,Ile_Fouquet,Ile_Fouquet-Turf,Turf,Turf,3.73
2015,Chagos,Ile_Fouquet,Ile_Fouquet-Turf,Turf,Turf,3.91
2015,Chagos,Ile_Fouquet,Ile_Fouquet-Turf,Turf,Turf,4.12
2015,Chagos,Ile_Fouquet,Ile_Fouquet-Turf,Turf,Turf,3.91
2015,Chagos,Ile_Longue,Ile_Longue-Fish,Fish,Plectroglyphidodon lacrymatus,10.16
2015,Chagos,Ile_Longue,Ile_Longue-Fish,Fish,Plectroglyphidodon lacrymatus,10.27
2015,Chagos,Ile_Longue,Ile_Longue-Fish,Fish,Plectroglyphidodon lacrymatus,9.97
2015,Chagos,Ile_Longue,Ile_Longue-Fish,Fish,Plectroglyphidodon lacrymatus,10.24
2015,Chagos,Ile_Longue,Ile_Longue-Fish,Fish,Plectroglyphidodon lacrymatus,10.57
2015,Chagos,Ile_Longue,Ile_Longue-Fish,Fish,Plectroglyphidodon lacrymatus,9.82
2015,Chagos,Ile_Longue,Ile_Longue-Fish,Fish,Plectroglyphidodon lacrymatus,10.33
2015,Chagos,Ile_Longue,Ile_Longue-Fish,Fish,Plectroglyphidodon lacrymatus,10.23
2015,Chagos,Ile_Longue,Ile_Longue-Fish,Fish,Plectroglyphidodon lacrymatus,9.78
2015,Chagos,Ile_Longue,Ile_Longue-Fish,Fish,Plectroglyphidodon lacrymatus,10.03
2015,Chagos,Ile_Longue,Ile_Longue-Leaves,Leaves,Scaevola taccada,8.18
2015,Chagos,Ile_Longue,Ile_Longue-Leaves,Leaves,Scaevola taccada,9.76
2015,Chagos,Ile_Longue,Ile_Longue-Leaves,Leaves,Scaevola taccada,10.84
2015,Chagos,Ile_Longue,Ile_Longue-Leaves,Leaves,Scaevola taccada,9.02
2015,Chagos,Ile_Longue,Ile_Longue-Leaves,Leaves,Scaevola taccada,8.42
2015,Chagos,Ile_Longue,Ile_Longue-Leaves,Leaves,Scaevola taccada,9.49
2015,Chagos,Ile_Longue,Ile_Longue-Leaves,Leaves,Scaevola taccada,11.85
2015,Chagos,Ile_Longue,Ile_Longue-Leaves,Leaves,Scaevola taccada,11.84
2015,Chagos,Ile_Longue,Ile_Longue-Leaves,Leaves,Scaevola taccada,9.84
2015,Chagos,Ile_Longue,Ile_Longue-Leaves,Leaves,Scaevola taccada,9.78
2015,Chagos,Ile_Longue,Ile_Longue-Macroalgae,Macroalgae,Halimeda,6.42
2015,Chagos,Ile_Longue,Ile_Longue-Macroalgae,Macroalgae,Halimeda,6.76
2015,Chagos,Ile_Longue,Ile_Longue-Macroalgae,Macroalgae,Halimeda,6.45
2015,Chagos,Ile_Longue,Ile_Longue-Macroalgae,Macroalgae,Halimeda,6.5
2015,Chagos,Ile_Longue,Ile_Longue-Macroalgae,Macroalgae,Halimeda,6.57
2015,Chagos,Ile_Longue,Ile_Longue-Macroalgae,Macroalgae,Halimeda,6.94
2015,Chagos,Ile_Longue,Ile_Longue-Macroalgae,Macroalgae,Halimeda,6.86
2015,Chagos,Ile_Longue,Ile_Longue-Macroalgae,Macroalgae,Halimeda,6.97
2015,Chagos,Ile_Longue,Ile_Longue-Macroalgae,Macroalgae,Halimeda,6.8
2015,Chagos,Ile_Longue,Ile_Longue-Soil,Soil,Soil,15.65
2015,Chagos,Ile_Longue,Ile_Longue-Soil,Soil,Soil,10.14
2015,Chagos,Ile_Longue,Ile_Longue-Soil,Soil,Soil,9.92
2015,Chagos,Ile_Longue,Ile_Longue-Soil,Soil,Soil,14.94
2015,Chagos,Ile_Longue,Ile_Longue-Soil,Soil,Soil,13.4
2015,Chagos,Ile_Longue,Ile_Longue-Soil,Soil,Soil,12.09
2015,Chagos,Ile_Longue,Ile_Longue-Soil,Soil,Soil,14.52
2015,Chagos,Ile_Longue,Ile_Longue-Soil,Soil,Soil,13.55
2015,Chagos,Ile_Longue,Ile_Longue-Soil,Soil,Soil,11.76
2015,Chagos,Ile_Longue,Ile_Longue-Soil,Soil,Soil,15.57
2015,Chagos,Ile_Longue,Ile_Longue-Sponge,Sponge,Spheciospongia,5.78
2015,Chagos,Ile_Longue,Ile_Longue-Sponge,Sponge,Spheciospongia,8.19
2015,Chagos,Ile_Longue,Ile_Longue-Sponge,Sponge,Spheciospongia,9.09
2015,Chagos,Ile_Longue,Ile_Longue-Sponge,Sponge,Spheciospongia,7.9
2015,Chagos,Ile_Longue,Ile_Longue-Sponge,Sponge,Spheciospongia,8.31
2015,Chagos,Ile_Longue,Ile_Longue-Sponge,Sponge,Spheciospongia,8.32
2015,Chagos,Ile_Longue,Ile_Longue-Sponge,Sponge,Spheciospongia,8.14
2015,Chagos,Ile_Longue,Ile_Longue-Sponge,Sponge,Spheciospongia,8.53
2015,Chagos,Ile_Longue,Ile_Longue-Sponge,Sponge,Spheciospongia,8.56
2015,Chagos,Ile_Longue,Ile_Longue-Sponge,Sponge,Spheciospongia,8.03
2015,Chagos,Ile_Longue,Ile_Longue-Turf,Turf,Turf,4.78
2015,Chagos,Ile_Longue,Ile_Longue-Turf,Turf,Turf,4.77
2015,Chagos,Ile_Longue,Ile_Longue-Turf,Turf,Turf,5.08
2015,Chagos,Ile_Longue,Ile_Longue-Turf,Turf,Turf,5.18
2015,Chagos,Ile_Longue,Ile_Longue-Turf,Turf,Turf,4.29
2015,Chagos,Ile_Longue,Ile_Longue-Turf,Turf,Turf,4.74
2015,Chagos,Ile_Longue,Ile_Longue-Turf,Turf,Turf,5.03
2015,Chagos,Ile_Longue,Ile_Longue-Turf,Turf,Turf,4.8
2015,Chagos,Ile_Longue,Ile_Longue-Turf,Turf,Turf,4.7
2015,Chagos,Ile_Longue,Ile_Longue-Turf,Turf,Turf,4.5
2015,Chagos,Ile_Poule,Ile_Poule-Fish,Fish,Plectroglyphidodon lacrymatus,10.54
2015,Chagos,Ile_Poule,Ile_Poule-Fish,Fish,Plectroglyphidodon lacrymatus,10.12
2015,Chagos,Ile_Poule,Ile_Poule-Fish,Fish,Plectroglyphidodon lacrymatus,10.35
2015,Chagos,Ile_Poule,Ile_Poule-Fish,Fish,Plectroglyphidodon lacrymatus,10.32
2015,Chagos,Ile_Poule,Ile_Poule-Fish,Fish,Plectroglyphidodon lacrymatus,10.33
2015,Chagos,Ile_Poule,Ile_Poule-Fish,Fish,Plectroglyphidodon lacrymatus,10.47
2015,Chagos,Ile_Poule,Ile_Poule-Fish,Fish,Plectroglyphidodon lacrymatus,10.69
2015,Chagos,Ile_Poule,Ile_Poule-Fish,Fish,Plectroglyphidodon lacrymatus,10.31
2015,Chagos,Ile_Poule,Ile_Poule-Fish,Fish,Plectroglyphidodon lacrymatus,10.48
2015,Chagos,Ile_Poule,Ile_Poule-Fish,Fish,Plectroglyphidodon lacrymatus,10.26
2015,Chagos,Ile_Poule,Ile_Poule-Leaves,Leaves,Scaevola taccada,-1.94
2015,Chagos,Ile_Poule,Ile_Poule-Leaves,Leaves,Scaevola taccada,-3.61
2015,Chagos,Ile_Poule,Ile_Poule-Leaves,Leaves,Scaevola taccada,-2.91
2015,Chagos,Ile_Poule,Ile_Poule-Leaves,Leaves,Scaevola taccada,-2.96
2015,Chagos,Ile_Poule,Ile_Poule-Leaves,Leaves,Scaevola taccada,-2.38
2015,Chagos,Ile_Poule,Ile_Poule-Leaves,Leaves,Scaevola taccada,-2.94
2015,Chagos,Ile_Poule,Ile_Poule-Leaves,Leaves,Scaevola taccada,-2.83
2015,Chagos,Ile_Poule,Ile_Poule-Leaves,Leaves,Scaevola taccada,-3.21
2015,Chagos,Ile_Poule,Ile_Poule-Leaves,Leaves,Scaevola taccada,-3.79
2015,Chagos,Ile_Poule,Ile_Poule-Leaves,Leaves,Scaevola taccada,-3.13
2015,Chagos,Ile_Poule,Ile_Poule-Macroalgae,Macroalgae,Halimeda,3.48
2015,Chagos,Ile_Poule,Ile_Poule-Macroalgae,Macroalgae,Halimeda,3.72
2015,Chagos,Ile_Poule,Ile_Poule-Macroalgae,Macroalgae,Halimeda,3.61
2015,Chagos,Ile_Poule,Ile_Poule-Macroalgae,Macroalgae,Halimeda,4.01
2015,Chagos,Ile_Poule,Ile_Poule-Macroalgae,Macroalgae,Halimeda,3.64
2015,Chagos,Ile_Poule,Ile_Poule-Macroalgae,Macroalgae,Halimeda,3.27
2015,Chagos,Ile_Poule,Ile_Poule-Macroalgae,Macroalgae,Halimeda,4.25
2015,Chagos,Ile_Poule,Ile_Poule-Macroalgae,Macroalgae,Halimeda,4
2015,Chagos,Ile_Poule,Ile_Poule-Macroalgae,Macroalgae,Halimeda,3.78
2015,Chagos,Ile_Poule,Ile_Poule-Macroalgae,Macroalgae,Halimeda,3.62
2015,Chagos,Ile_Poule,Ile_Poule-Soil,Soil,Soil,2.35
2015,Chagos,Ile_Poule,Ile_Poule-Soil,Soil,Soil,3.64
2015,Chagos,Ile_Poule,Ile_Poule-Soil,Soil,Soil,4.26
2015,Chagos,Ile_Poule,Ile_Poule-Soil,Soil,Soil,4.69
2015,Chagos,Ile_Poule,Ile_Poule-Soil,Soil,Soil,1.88
2015,Chagos,Ile_Poule,Ile_Poule-Soil,Soil,Soil,3.55
2015,Chagos,Ile_Poule,Ile_Poule-Soil,Soil,Soil,4.31
2015,Chagos,Ile_Poule,Ile_Poule-Soil,Soil,Soil,2.2
2015,Chagos,Ile_Poule,Ile_Poule-Soil,Soil,Soil,3.31
2015,Chagos,Ile_Poule,Ile_Poule-Soil,Soil,Soil,1.87
2015,Chagos,Ile_Poule,Ile_Poule-Sponge,Sponge,Spheciospongia,6.1
2015,Chagos,Ile_Poule,Ile_Poule-Sponge,Sponge,Spheciospongia,5.77
2015,Chagos,Ile_Poule,Ile_Poule-Sponge,Sponge,Spheciospongia,6.53
2015,Chagos,Ile_Poule,Ile_Poule-Sponge,Sponge,Spheciospongia,5.63
2015,Chagos,Ile_Poule,Ile_Poule-Sponge,Sponge,Spheciospongia,6.18
2015,Chagos,Ile_Poule,Ile_Poule-Sponge,Sponge,Spheciospongia,4.73
2015,Chagos,Ile_Poule,Ile_Poule-Sponge,Sponge,Spheciospongia,6.32
2015,Chagos,Ile_Poule,Ile_Poule-Sponge,Sponge,Spheciospongia,6.4
2015,Chagos,Ile_Poule,Ile_Poule-Sponge,Sponge,Spheciospongia,5.89
2015,Chagos,Ile_Poule,Ile_Poule-Sponge,Sponge,Spheciospongia,6.31
2015,Chagos,Ile_Poule,Ile_Poule-Turf,Turf,Turf,5.71
2015,Chagos,Ile_Poule,Ile_Poule-Turf,Turf,Turf,5.34
2015,Chagos,Ile_Poule,Ile_Poule-Turf,Turf,Turf,5.58
2015,Chagos,Ile_Poule,Ile_Poule-Turf,Turf,Turf,6.73
2015,Chagos,Ile_Poule,Ile_Poule-Turf,Turf,Turf,4.78
2015,Chagos,Ile_Poule,Ile_Poule-Turf,Turf,Turf,5.63
2015,Chagos,Ile_Poule,Ile_Poule-Turf,Turf,Turf,5.32
2015,Chagos,Ile_Poule,Ile_Poule-Turf,Turf,Turf,5.04
2015,Chagos,Ile_Poule,Ile_Poule-Turf,Turf,Turf,5.46
2015,Chagos,Ile_Poule,Ile_Poule-Turf,Turf,Turf,5.79
2015,Chagos,Middle_Brother,Middle_Brother-Fish,Fish,Plectroglyphidodon lacrymatus,11.34
2015,Chagos,Middle_Brother,Middle_Brother-Fish,Fish,Plectroglyphidodon lacrymatus,11.28
2015,Chagos,Middle_Brother,Middle_Brother-Fish,Fish,Plectroglyphidodon lacrymatus,11.02
2015,Chagos,Middle_Brother,Middle_Brother-Fish,Fish,Plectroglyphidodon lacrymatus,11.07
2015,Chagos,Middle_Brother,Middle_Brother-Fish,Fish,Plectroglyphidodon lacrymatus,11.11
2015,Chagos,Middle_Brother,Middle_Brother-Fish,Fish,Plectroglyphidodon lacrymatus,11.21
2015,Chagos,Middle_Brother,Middle_Brother-Fish,Fish,Plectroglyphidodon lacrymatus,11
2015,Chagos,Middle_Brother,Middle_Brother-Fish,Fish,Plectroglyphidodon lacrymatus,11.05
2015,Chagos,Middle_Brother,Middle_Brother-Fish,Fish,Plectroglyphidodon lacrymatus,11.05
2015,Chagos,Middle_Brother,Middle_Brother-Fish,Fish,Plectroglyphidodon lacrymatus,11.08
2015,Chagos,Middle_Brother,Middle_Brother-Leaves,Leaves,Scaevola taccada,8.35
2015,Chagos,Middle_Brother,Middle_Brother-Leaves,Leaves,Scaevola taccada,8.6
2015,Chagos,Middle_Brother,Middle_Brother-Leaves,Leaves,Scaevola taccada,8.15
2015,Chagos,Middle_Brother,Middle_Brother-Leaves,Leaves,Scaevola taccada,7.73
2015,Chagos,Middle_Brother,Middle_Brother-Leaves,Leaves,Scaevola taccada,9.4
2015,Chagos,Middle_Brother,Middle_Brother-Leaves,Leaves,Scaevola taccada,8.98
2015,Chagos,Middle_Brother,Middle_Brother-Leaves,Leaves,Scaevola taccada,8.86
2015,Chagos,Middle_Brother,Middle_Brother-Leaves,Leaves,Scaevola taccada,9.96
2015,Chagos,Middle_Brother,Middle_Brother-Leaves,Leaves,Scaevola taccada,10.83
2015,Chagos,Middle_Brother,Middle_Brother-Leaves,Leaves,Scaevola taccada,7.51
2015,Chagos,Middle_Brother,Middle_Brother-Macroalgae,Macroalgae,Halimeda,13.62
2015,Chagos,Middle_Brother,Middle_Brother-Macroalgae,Macroalgae,Halimeda,13.73
2015,Chagos,Middle_Brother,Middle_Brother-Macroalgae,Macroalgae,Halimeda,13.62
2015,Chagos,Middle_Brother,Middle_Brother-Macroalgae,Macroalgae,Halimeda,12.67
2015,Chagos,Middle_Brother,Middle_Brother-Macroalgae,Macroalgae,Halimeda,10.9
2015,Chagos,Middle_Brother,Middle_Brother-Macroalgae,Macroalgae,Halimeda,11.13
2015,Chagos,Middle_Brother,Middle_Brother-Macroalgae,Macroalgae,Halimeda,11.16
2015,Chagos,Middle_Brother,Middle_Brother-Macroalgae,Macroalgae,Halimeda,13.99
2015,Chagos,Middle_Brother,Middle_Brother-Macroalgae,Macroalgae,Halimeda,13.57
2015,Chagos,Middle_Brother,Middle_Brother-Macroalgae,Macroalgae,Halimeda,11.18
2015,Chagos,Middle_Brother,Middle_Brother-Soil,Soil,Soil,13.44
2015,Chagos,Middle_Brother,Middle_Brother-Soil,Soil,Soil,12.73
2015,Chagos,Middle_Brother,Middle_Brother-Soil,Soil,Soil,12.52
2015,Chagos,Middle_Brother,Middle_Brother-Soil,Soil,Soil,12.52
2015,Chagos,Middle_Brother,Middle_Brother-Soil,Soil,Soil,13.49
2015,Chagos,Middle_Brother,Middle_Brother-Soil,Soil,Soil,13.78
2015,Chagos,Middle_Brother,Middle_Brother-Soil,Soil,Soil,13.34
2015,Chagos,Middle_Brother,Middle_Brother-Soil,Soil,Soil,12.6
2015,Chagos,Middle_Brother,Middle_Brother-Soil,Soil,Soil,15.41
2015,Chagos,Middle_Brother,Middle_Brother-Sponge,Sponge,Spheciospongia,6.47
2015,Chagos,Middle_Brother,Middle_Brother-Sponge,Sponge,Spheciospongia,6.48
2015,Chagos,Middle_Brother,Middle_Brother-Sponge,Sponge,Spheciospongia,6.28
2015,Chagos,Middle_Brother,Middle_Brother-Sponge,Sponge,Spheciospongia,6.38
2015,Chagos,Middle_Brother,Middle_Brother-Sponge,Sponge,Spheciospongia,5.68
2015,Chagos,Middle_Brother,Middle_Brother-Sponge,Sponge,Spheciospongia,5.84
2015,Chagos,Middle_Brother,Middle_Brother-Sponge,Sponge,Spheciospongia,5.81
2015,Chagos,Middle_Brother,Middle_Brother-Sponge,Sponge,Spheciospongia,6.33
2015,Chagos,Middle_Brother,Middle_Brother-Sponge,Sponge,Spheciospongia,5.99
2015,Chagos,Middle_Brother,Middle_Brother-Sponge,Sponge,Spheciospongia,6.14
2015,Chagos,Middle_Brother,Middle_Brother-Turf,Turf,Turf,5.31
2015,Chagos,Middle_Brother,Middle_Brother-Turf,Turf,Turf,5.07
2015,Chagos,Middle_Brother,Middle_Brother-Turf,Turf,Turf,5.04
2015,Chagos,Middle_Brother,Middle_Brother-Turf,Turf,Turf,4.64
2015,Chagos,Middle_Brother,Middle_Brother-Turf,Turf,Turf,4.6
2015,Chagos,Middle_Brother,Middle_Brother-Turf,Turf,Turf,5.05
2015,Chagos,Middle_Brother,Middle_Brother-Turf,Turf,Turf,4.29
2015,Chagos,Middle_Brother,Middle_Brother-Turf,Turf,Turf,4.98
2015,Chagos,Middle_Brother,Middle_Brother-Turf,Turf,Turf,4.63
2015,Chagos,Middle_Brother,Middle_Brother-Turf,Turf,Turf,5.48
2015,Chagos,Nelson_Island,Nelson_Island-Leaves,Leaves,Scaevola taccada,5.95
2015,Chagos,Nelson_Island,Nelson_Island-Leaves,Leaves,Scaevola taccada,5.83
2015,Chagos,Nelson_Island,Nelson_Island-Leaves,Leaves,Scaevola taccada,8.04
2015,Chagos,Nelson_Island,Nelson_Island-Leaves,Leaves,Scaevola taccada,6.91
2015,Chagos,Nelson_Island,Nelson_Island-Leaves,Leaves,Scaevola taccada,8.43
2015,Chagos,Nelson_Island,Nelson_Island-Leaves,Leaves,Scaevola taccada,8.23
2015,Chagos,Nelson_Island,Nelson_Island-Leaves,Leaves,Scaevola taccada,7.7
2015,Chagos,Nelson_Island,Nelson_Island-Leaves,Leaves,Scaevola taccada,6.46
2015,Chagos,Nelson_Island,Nelson_Island-Leaves,Leaves,Scaevola taccada,8.65
2015,Chagos,Nelson_Island,Nelson_Island-Leaves,Leaves,Scaevola taccada,8.35
2015,Chagos,Nelson_Island,Nelson_Island-Macroalgae,Macroalgae,Halimeda,7.63
2015,Chagos,Nelson_Island,Nelson_Island-Macroalgae,Macroalgae,Halimeda,7.06
2015,Chagos,Nelson_Island,Nelson_Island-Macroalgae,Macroalgae,Halimeda,7.38
2015,Chagos,Nelson_Island,Nelson_Island-Macroalgae,Macroalgae,Halimeda,10.11
2015,Chagos,Nelson_Island,Nelson_Island-Macroalgae,Macroalgae,Halimeda,8.8
2015,Chagos,Nelson_Island,Nelson_Island-Macroalgae,Macroalgae,Halimeda,7.73
2015,Chagos,Nelson_Island,Nelson_Island-Macroalgae,Macroalgae,Halimeda,9.39
2015,Chagos,Nelson_Island,Nelson_Island-Macroalgae,Macroalgae,Halimeda,9.27
2015,Chagos,Nelson_Island,Nelson_Island-Macroalgae,Macroalgae,Halimeda,7.46
2015,Chagos,Nelson_Island,Nelson_Island-Macroalgae,Macroalgae,Halimeda,8.3
2015,Chagos,Nelson_Island,Nelson_Island-Soil,Soil,Soil,13.82
2015,Chagos,Nelson_Island,Nelson_Island-Soil,Soil,Soil,14.41
2015,Chagos,Nelson_Island,Nelson_Island-Soil,Soil,Soil,14.01
2015,Chagos,Nelson_Island,Nelson_Island-Soil,Soil,Soil,13.85
2015,Chagos,Nelson_Island,Nelson_Island-Soil,Soil,Soil,15.83
2015,Chagos,Nelson_Island,Nelson_Island-Soil,Soil,Soil,15.58
2015,Chagos,Nelson_Island,Nelson_Island-Soil,Soil,Soil,11.1
2015,Chagos,Nelson_Island,Nelson_Island-Soil,Soil,Soil,15.71
2015,Chagos,Nelson_Island,Nelson_Island-Soil,Soil,Soil,16.89
2015,Chagos,Nelson_Island,Nelson_Island-Soil,Soil,Soil,16.23
2015,Chagos,Nelson_Island,Nelson_Island-Sponge,Sponge,Spheciospongia,7.6
2015,Chagos,Nelson_Island,Nelson_Island-Sponge,Sponge,Spheciospongia,8.12
2015,Chagos,Nelson_Island,Nelson_Island-Sponge,Sponge,Spheciospongia,7.81
2015,Chagos,Nelson_Island,Nelson_Island-Sponge,Sponge,Spheciospongia,8.25
2015,Chagos,Nelson_Island,Nelson_Island-Sponge,Sponge,Spheciospongia,7.98
2015,Chagos,Nelson_Island,Nelson_Island-Sponge,Sponge,Spheciospongia,7.89
2015,Chagos,Nelson_Island,Nelson_Island-Sponge,Sponge,Spheciospongia,7.48
2015,Chagos,Nelson_Island,Nelson_Island-Sponge,Sponge,Spheciospongia,8
2015,Chagos,Nelson_Island,Nelson_Island-Sponge,Sponge,Spheciospongia,7.41
2015,Chagos,Nelson_Island,Nelson_Island-Sponge,Sponge,Spheciospongia,8.44
2015,Chagos,Nelson_Island,Nelson_Island-Turf,Turf,Turf,4.57
2015,Chagos,Nelson_Island,Nelson_Island-Turf,Turf,Turf,5.67
2015,Chagos,Nelson_Island,Nelson_Island-Turf,Turf,Turf,5.58
2015,Chagos,Nelson_Island,Nelson_Island-Turf,Turf,Turf,6.48
2015,Chagos,Nelson_Island,Nelson_Island-Turf,Turf,Turf,7.2
2015,Chagos,Nelson_Island,Nelson_Island-Turf,Turf,Turf,6.9
2015,Chagos,Nelson_Island,Nelson_Island-Turf,Turf,Turf,4.97
2015,Chagos,Nelson_Island,Nelson_Island-Turf,Turf,Turf,5.08
2015,Chagos,Nelson_Island,Nelson_Island-Turf,Turf,Turf,4.73
2015,Chagos,Nelson_Island,Nelson_Island-Turf,Turf,Turf,4.87
2015,Chagos,PB_Ile_Anglaise,PB_Ile_Anglaise-Fish,Fish,Plectroglyphidodon lacrymatus,10.71
2015,Chagos,PB_Ile_Anglaise,PB_Ile_Anglaise-Fish,Fish,Plectroglyphidodon lacrymatus,10.56
2015,Chagos,PB_Ile_Anglaise,PB_Ile_Anglaise-Fish,Fish,Plectroglyphidodon lacrymatus,10.45
2015,Chagos,PB_Ile_Anglaise,PB_Ile_Anglaise-Fish,Fish,Plectroglyphidodon lacrymatus,10.91
2015,Chagos,PB_Ile_Anglaise,PB_Ile_Anglaise-Fish,Fish,Plectroglyphidodon lacrymatus,9.96
2015,Chagos,PB_Ile_Anglaise,PB_Ile_Anglaise-Fish,Fish,Plectroglyphidodon lacrymatus,11.06
2015,Chagos,PB_Ile_Anglaise,PB_Ile_Anglaise-Fish,Fish,Plectroglyphidodon lacrymatus,9.69
2015,Chagos,PB_Ile_Anglaise,PB_Ile_Anglaise-Fish,Fish,Plectroglyphidodon lacrymatus,10.74
2015,Chagos,PB_Ile_Anglaise,PB_Ile_Anglaise-Fish,Fish,Plectroglyphidodon lacrymatus,10.5
2015,Chagos,PB_Ile_Anglaise,PB_Ile_Anglaise-Fish,Fish,Plectroglyphidodon lacrymatus,10.07
2015,Chagos,PB_Ile_Anglaise,PB_Ile_Anglaise-Leaves,Leaves,Scaevola taccada,-4.33
2015,Chagos,PB_Ile_Anglaise,PB_Ile_Anglaise-Leaves,Leaves,Scaevola taccada,-3.84
2015,Chagos,PB_Ile_Anglaise,PB_Ile_Anglaise-Leaves,Leaves,Scaevola taccada,-4.78
2015,Chagos,PB_Ile_Anglaise,PB_Ile_Anglaise-Leaves,Leaves,Scaevola taccada,-4.65
2015,Chagos,PB_Ile_Anglaise,PB_Ile_Anglaise-Leaves,Leaves,Scaevola taccada,-0.8
2015,Chagos,PB_Ile_Anglaise,PB_Ile_Anglaise-Leaves,Leaves,Scaevola taccada,-5.26
2015,Chagos,PB_Ile_Anglaise,PB_Ile_Anglaise-Leaves,Leaves,Scaevola taccada,-2.87
2015,Chagos,PB_Ile_Anglaise,PB_Ile_Anglaise-Leaves,Leaves,Scaevola taccada,-4.55
2015,Chagos,PB_Ile_Anglaise,PB_Ile_Anglaise-Leaves,Leaves,Scaevola taccada,-2.97
2015,Chagos,PB_Ile_Anglaise,PB_Ile_Anglaise-Leaves,Leaves,Scaevola taccada,-3.75
2015,Chagos,PB_Ile_Anglaise,PB_Ile_Anglaise-Macroalgae,Macroalgae,Halimeda,5.28
2015,Chagos,PB_Ile_Anglaise,PB_Ile_Anglaise-Macroalgae,Macroalgae,Halimeda,5
2015,Chagos,PB_Ile_Anglaise,PB_Ile_Anglaise-Macroalgae,Macroalgae,Halimeda,-1.21
2015,Chagos,PB_Ile_Anglaise,PB_Ile_Anglaise-Macroalgae,Macroalgae,Halimeda,5.06
2015,Chagos,PB_Ile_Anglaise,PB_Ile_Anglaise-Macroalgae,Macroalgae,Halimeda,5.66
2015,Chagos,PB_Ile_Anglaise,PB_Ile_Anglaise-Macroalgae,Macroalgae,Halimeda,5.32
2015,Chagos,PB_Ile_Anglaise,PB_Ile_Anglaise-Macroalgae,Macroalgae,Halimeda,4.97
2015,Chagos,PB_Ile_Anglaise,PB_Ile_Anglaise-Macroalgae,Macroalgae,Halimeda,4.88
2015,Chagos,PB_Ile_Anglaise,PB_Ile_Anglaise-Macroalgae,Macroalgae,Halimeda,4.36
2015,Chagos,PB_Ile_Anglaise,PB_Ile_Anglaise-Macroalgae,Macroalgae,Halimeda,5.17
2015,Chagos,PB_Ile_Anglaise,PB_Ile_Anglaise-Soil,Soil,Soil,1.22
2015,Chagos,PB_Ile_Anglaise,PB_Ile_Anglaise-Soil,Soil,Soil,1.73
2015,Chagos,PB_Ile_Anglaise,PB_Ile_Anglaise-Soil,Soil,Soil,2.17
2015,Chagos,PB_Ile_Anglaise,PB_Ile_Anglaise-Soil,Soil,Soil,2.98
2015,Chagos,PB_Ile_Anglaise,PB_Ile_Anglaise-Soil,Soil,Soil,1.18
2015,Chagos,PB_Ile_Anglaise,PB_Ile_Anglaise-Soil,Soil,Soil,1.59
2015,Chagos,PB_Ile_Anglaise,PB_Ile_Anglaise-Soil,Soil,Soil,2.08
2015,Chagos,PB_Ile_Anglaise,PB_Ile_Anglaise-Soil,Soil,Soil,2.83
2015,Chagos,PB_Ile_Anglaise,PB_Ile_Anglaise-Soil,Soil,Soil,2.31
2015,Chagos,PB_Ile_Anglaise,PB_Ile_Anglaise-Soil,Soil,Soil,2.59
2015,Chagos,PB_Ile_Anglaise,PB_Ile_Anglaise-Sponge,Sponge,Spheciospongia,6.93
2015,Chagos,PB_Ile_Anglaise,PB_Ile_Anglaise-Sponge,Sponge,Spheciospongia,6.34
2015,Chagos,PB_Ile_Anglaise,PB_Ile_Anglaise-Sponge,Sponge,Spheciospongia,6.24
2015,Chagos,PB_Ile_Anglaise,PB_Ile_Anglaise-Sponge,Sponge,Spheciospongia,6.36
2015,Chagos,PB_Ile_Anglaise,PB_Ile_Anglaise-Sponge,Sponge,Spheciospongia,6.71
2015,Chagos,PB_Ile_Anglaise,PB_Ile_Anglaise-Sponge,Sponge,Spheciospongia,6.42
2015,Chagos,PB_Ile_Anglaise,PB_Ile_Anglaise-Sponge,Sponge,Spheciospongia,5.9
2015,Chagos,PB_Ile_Anglaise,PB_Ile_Anglaise-Sponge,Sponge,Spheciospongia,7.19
2015,Chagos,PB_Ile_Anglaise,PB_Ile_Anglaise-Sponge,Sponge,Spheciospongia,6.34
2015,Chagos,PB_Ile_Anglaise,PB_Ile_Anglaise-Sponge,Sponge,Spheciospongia,6.2
2015,Chagos,PB_Ile_Anglaise,PB_Ile_Anglaise-Turf,Turf,Turf,5.33
2015,Chagos,PB_Ile_Anglaise,PB_Ile_Anglaise-Turf,Turf,Turf,4.65
2015,Chagos,PB_Ile_Anglaise,PB_Ile_Anglaise-Turf,Turf,Turf,5.37
2015,Chagos,PB_Ile_Anglaise,PB_Ile_Anglaise-Turf,Turf,Turf,5.18
2015,Chagos,PB_Ile_Anglaise,PB_Ile_Anglaise-Turf,Turf,Turf,5.2
2015,Chagos,PB_Ile_Anglaise,PB_Ile_Anglaise-Turf,Turf,Turf,5.47
2015,Chagos,PB_Ile_Anglaise,PB_Ile_Anglaise-Turf,Turf,Turf,4.72
2015,Chagos,PB_Ile_Anglaise,PB_Ile_Anglaise-Turf,Turf,Turf,4.92
2015,Chagos,PB_Ile_Anglaise,PB_Ile_Anglaise-Turf,Turf,Turf,5.11
2015,Chagos,PB_Ile_Anglaise,PB_Ile_Anglaise-Turf,Turf,Turf,5.03
2015,Chagos,Sal_Ile_Anglaise,Sal_Ile_Anglaise-Fish,Fish,Plectroglyphidodon lacrymatus,10.26
2015,Chagos,Sal_Ile_Anglaise,Sal_Ile_Anglaise-Fish,Fish,Plectroglyphidodon lacrymatus,9.98
2015,Chagos,Sal_Ile_Anglaise,Sal_Ile_Anglaise-Fish,Fish,Plectroglyphidodon lacrymatus,10.72
2015,Chagos,Sal_Ile_Anglaise,Sal_Ile_Anglaise-Fish,Fish,Plectroglyphidodon lacrymatus,9.99
2015,Chagos,Sal_Ile_Anglaise,Sal_Ile_Anglaise-Fish,Fish,Plectroglyphidodon lacrymatus,10.3
2015,Chagos,Sal_Ile_Anglaise,Sal_Ile_Anglaise-Fish,Fish,Plectroglyphidodon lacrymatus,10.1
2015,Chagos,Sal_Ile_Anglaise,Sal_Ile_Anglaise-Fish,Fish,Plectroglyphidodon lacrymatus,10
2015,Chagos,Sal_Ile_Anglaise,Sal_Ile_Anglaise-Fish,Fish,Plectroglyphidodon lacrymatus,10.13
2015,Chagos,Sal_Ile_Anglaise,Sal_Ile_Anglaise-Fish,Fish,Plectroglyphidodon lacrymatus,10
2015,Chagos,Sal_Ile_Anglaise,Sal_Ile_Anglaise-Fish,Fish,Plectroglyphidodon lacrymatus,10.68
2015,Chagos,Sal_Ile_Anglaise,Sal_Ile_Anglaise-Leaves,Leaves,Scaevola taccada,-4.44
2015,Chagos,Sal_Ile_Anglaise,Sal_Ile_Anglaise-Leaves,Leaves,Scaevola taccada,-3.12
2015,Chagos,Sal_Ile_Anglaise,Sal_Ile_Anglaise-Leaves,Leaves,Scaevola taccada,-3.63
2015,Chagos,Sal_Ile_Anglaise,Sal_Ile_Anglaise-Leaves,Leaves,Scaevola taccada,-4.02
2015,Chagos,Sal_Ile_Anglaise,Sal_Ile_Anglaise-Leaves,Leaves,Scaevola taccada,-5.23
2015,Chagos,Sal_Ile_Anglaise,Sal_Ile_Anglaise-Leaves,Leaves,Scaevola taccada,-4.49
2015,Chagos,Sal_Ile_Anglaise,Sal_Ile_Anglaise-Leaves,Leaves,Scaevola taccada,-2.49
2015,Chagos,Sal_Ile_Anglaise,Sal_Ile_Anglaise-Leaves,Leaves,Scaevola taccada,-4.26
2015,Chagos,Sal_Ile_Anglaise,Sal_Ile_Anglaise-Leaves,Leaves,Scaevola taccada,-2.98
2015,Chagos,Sal_Ile_Anglaise,Sal_Ile_Anglaise-Leaves,Leaves,Scaevola taccada,-4.43
2015,Chagos,Sal_Ile_Anglaise,Sal_Ile_Anglaise-Macroalgae,Macroalgae,Halimeda,3.11
2015,Chagos,Sal_Ile_Anglaise,Sal_Ile_Anglaise-Macroalgae,Macroalgae,Halimeda,4.68
2015,Chagos,Sal_Ile_Anglaise,Sal_Ile_Anglaise-Macroalgae,Macroalgae,Halimeda,3.54
2015,Chagos,Sal_Ile_Anglaise,Sal_Ile_Anglaise-Macroalgae,Macroalgae,Halimeda,4.74
2015,Chagos,Sal_Ile_Anglaise,Sal_Ile_Anglaise-Macroalgae,Macroalgae,Halimeda,5.05
2015,Chagos,Sal_Ile_Anglaise,Sal_Ile_Anglaise-Macroalgae,Macroalgae,Halimeda,3.51
2015,Chagos,Sal_Ile_Anglaise,Sal_Ile_Anglaise-Macroalgae,Macroalgae,Halimeda,4.09
2015,Chagos,Sal_Ile_Anglaise,Sal_Ile_Anglaise-Macroalgae,Macroalgae,Halimeda,2.72
2015,Chagos,Sal_Ile_Anglaise,Sal_Ile_Anglaise-Macroalgae,Macroalgae,Halimeda,4.73
2015,Chagos,Sal_Ile_Anglaise,Sal_Ile_Anglaise-Macroalgae,Macroalgae,Halimeda,3.99
2015,Chagos,Sal_Ile_Anglaise,Sal_Ile_Anglaise-Soil,Soil,Soil,1.92
2015,Chagos,Sal_Ile_Anglaise,Sal_Ile_Anglaise-Soil,Soil,Soil,1.54
2015,Chagos,Sal_Ile_Anglaise,Sal_Ile_Anglaise-Soil,Soil,Soil,1.3
2015,Chagos,Sal_Ile_Anglaise,Sal_Ile_Anglaise-Soil,Soil,Soil,1.63
2015,Chagos,Sal_Ile_Anglaise,Sal_Ile_Anglaise-Soil,Soil,Soil,1.29
2015,Chagos,Sal_Ile_Anglaise,Sal_Ile_Anglaise-Soil,Soil,Soil,2.98
2015,Chagos,Sal_Ile_Anglaise,Sal_Ile_Anglaise-Soil,Soil,Soil,0.84
2015,Chagos,Sal_Ile_Anglaise,Sal_Ile_Anglaise-Soil,Soil,Soil,1.83
2015,Chagos,Sal_Ile_Anglaise,Sal_Ile_Anglaise-Soil,Soil,Soil,3.07
2015,Chagos,Sal_Ile_Anglaise,Sal_Ile_Anglaise-Soil,Soil,Soil,3.82
2015,Chagos,Sal_Ile_Anglaise,Sal_Ile_Anglaise-Sponge,Sponge,Spheciospongia,5.45
2015,Chagos,Sal_Ile_Anglaise,Sal_Ile_Anglaise-Sponge,Sponge,Spheciospongia,5.44
2015,Chagos,Sal_Ile_Anglaise,Sal_Ile_Anglaise-Sponge,Sponge,Spheciospongia,5.45
2015,Chagos,Sal_Ile_Anglaise,Sal_Ile_Anglaise-Sponge,Sponge,Spheciospongia,5.54
2015,Chagos,Sal_Ile_Anglaise,Sal_Ile_Anglaise-Sponge,Sponge,Spheciospongia,4.04
2015,Chagos,Sal_Ile_Anglaise,Sal_Ile_Anglaise-Sponge,Sponge,Spheciospongia,5.7
2015,Chagos,Sal_Ile_Anglaise,Sal_Ile_Anglaise-Sponge,Sponge,Spheciospongia,5.19
2015,Chagos,Sal_Ile_Anglaise,Sal_Ile_Anglaise-Sponge,Sponge,Spheciospongia,5.64
2015,Chagos,Sal_Ile_Anglaise,Sal_Ile_Anglaise-Sponge,Sponge,Spheciospongia,6
2015,Chagos,Sal_Ile_Anglaise,Sal_Ile_Anglaise-Sponge,Sponge,Spheciospongia,5.57
2015,Chagos,Sal_Ile_Anglaise,Sal_Ile_Anglaise-Turf,Turf,Turf,5.41
2015,Chagos,Sal_Ile_Anglaise,Sal_Ile_Anglaise-Turf,Turf,Turf,4.58
2015,Chagos,Sal_Ile_Anglaise,Sal_Ile_Anglaise-Turf,Turf,Turf,2.06
2015,Chagos,Sal_Ile_Anglaise,Sal_Ile_Anglaise-Turf,Turf,Turf,3.81
2015,Chagos,Sal_Ile_Anglaise,Sal_Ile_Anglaise-Turf,Turf,Turf,2.85
2015,Chagos,Sal_Ile_Anglaise,Sal_Ile_Anglaise-Turf,Turf,Turf,2.24
2015,Chagos,Sal_Ile_Anglaise,Sal_Ile_Anglaise-Turf,Turf,Turf,2.95
2015,Chagos,Sal_Ile_Anglaise,Sal_Ile_Anglaise-Turf,Turf,Turf,5.1
2015,Chagos,Sal_Ile_Anglaise,Sal_Ile_Anglaise-Turf,Turf,Turf,3.24
2015,Chagos,Sal_Ile_Anglaise,Sal_Ile_Anglaise-Turf,Turf,Turf,2.76
2015,Chagos,South_Brother,South_Brother-Fish,Fish,Plectroglyphidodon lacrymatus,11.22
2015,Chagos,South_Brother,South_Brother-Fish,Fish,Plectroglyphidodon lacrymatus,10.94
2015,Chagos,South_Brother,South_Brother-Fish,Fish,Plectroglyphidodon lacrymatus,10.91
2015,Chagos,South_Brother,South_Brother-Fish,Fish,Plectroglyphidodon lacrymatus,11.11
2015,Chagos,South_Brother,South_Brother-Fish,Fish,Plectroglyphidodon lacrymatus,11.18
2015,Chagos,South_Brother,South_Brother-Fish,Fish,Plectroglyphidodon lacrymatus,10.91
2015,Chagos,South_Brother,South_Brother-Fish,Fish,Plectroglyphidodon lacrymatus,11.32
2015,Chagos,South_Brother,South_Brother-Fish,Fish,Plectroglyphidodon lacrymatus,11.07
2015,Chagos,South_Brother,South_Brother-Fish,Fish,Plectroglyphidodon lacrymatus,11.19
2015,Chagos,South_Brother,South_Brother-Fish,Fish,Plectroglyphidodon lacrymatus,10.77
2015,Chagos,South_Brother,South_Brother-Leaves,Leaves,Scaevola taccada,8.59
2015,Chagos,South_Brother,South_Brother-Leaves,Leaves,Scaevola taccada,12.47
2015,Chagos,South_Brother,South_Brother-Leaves,Leaves,Scaevola taccada,11.81
2015,Chagos,South_Brother,South_Brother-Leaves,Leaves,Scaevola taccada,10.82
2015,Chagos,South_Brother,South_Brother-Leaves,Leaves,Scaevola taccada,12.77
2015,Chagos,South_Brother,South_Brother-Leaves,Leaves,Scaevola taccada,12.03
2015,Chagos,South_Brother,South_Brother-Leaves,Leaves,Scaevola taccada,10.82
2015,Chagos,South_Brother,South_Brother-Leaves,Leaves,Scaevola taccada,11.86
2015,Chagos,South_Brother,South_Brother-Leaves,Leaves,Scaevola taccada,13.49
2015,Chagos,South_Brother,South_Brother-Leaves,Leaves,Scaevola taccada,11.19
2015,Chagos,South_Brother,South_Brother-Macroalgae,Macroalgae,Halimeda,9.54
2015,Chagos,South_Brother,South_Brother-Macroalgae,Macroalgae,Halimeda,9.72
2015,Chagos,South_Brother,South_Brother-Macroalgae,Macroalgae,Halimeda,9.89
2015,Chagos,South_Brother,South_Brother-Macroalgae,Macroalgae,Halimeda,8.95
2015,Chagos,South_Brother,South_Brother-Macroalgae,Macroalgae,Halimeda,10.06
2015,Chagos,South_Brother,South_Brother-Macroalgae,Macroalgae,Halimeda,9.39
2015,Chagos,South_Brother,South_Brother-Macroalgae,Macroalgae,Halimeda,9.97
2015,Chagos,South_Brother,South_Brother-Macroalgae,Macroalgae,Halimeda,10.89
2015,Chagos,South_Brother,South_Brother-Macroalgae,Macroalgae,Halimeda,9.68
2015,Chagos,South_Brother,South_Brother-Macroalgae,Macroalgae,Halimeda,9.66
2015,Chagos,South_Brother,South_Brother-Soil,Soil,Soil,14.58
2015,Chagos,South_Brother,South_Brother-Soil,Soil,Soil,13.29
2015,Chagos,South_Brother,South_Brother-Soil,Soil,Soil,15.61
2015,Chagos,South_Brother,South_Brother-Soil,Soil,Soil,14.82
2015,Chagos,South_Brother,South_Brother-Soil,Soil,Soil,15.15
2015,Chagos,South_Brother,South_Brother-Soil,Soil,Soil,14.39
2015,Chagos,South_Brother,South_Brother-Soil,Soil,Soil,15.06
2015,Chagos,South_Brother,South_Brother-Soil,Soil,Soil,13.8
2015,Chagos,South_Brother,South_Brother-Soil,Soil,Soil,14.63
2015,Chagos,South_Brother,South_Brother-Soil,Soil,Soil,13.57
2015,Chagos,South_Brother,South_Brother-Sponge,Sponge,Spheciospongia,8.54
2015,Chagos,South_Brother,South_Brother-Sponge,Sponge,Spheciospongia,8.65
2015,Chagos,South_Brother,South_Brother-Sponge,Sponge,Spheciospongia,8.57
2015,Chagos,South_Brother,South_Brother-Sponge,Sponge,Spheciospongia,8.05
2015,Chagos,South_Brother,South_Brother-Sponge,Sponge,Spheciospongia,7.95
2015,Chagos,South_Brother,South_Brother-Sponge,Sponge,Spheciospongia,8.15
2015,Chagos,South_Brother,South_Brother-Sponge,Sponge,Spheciospongia,7.66
2015,Chagos,South_Brother,South_Brother-Sponge,Sponge,Spheciospongia,8.57
2015,Chagos,South_Brother,South_Brother-Sponge,Sponge,Spheciospongia,8.49
2015,Chagos,South_Brother,South_Brother-Sponge,Sponge,Spheciospongia,8.86
2015,Chagos,South_Brother,South_Brother-Turf,Turf,Turf,6.27
2015,Chagos,South_Brother,South_Brother-Turf,Turf,Turf,5.58
2015,Chagos,South_Brother,South_Brother-Turf,Turf,Turf,5.91
2015,Chagos,South_Brother,South_Brother-Turf,Turf,Turf,5.53
2015,Chagos,South_Brother,South_Brother-Turf,Turf,Turf,6.01
2015,Chagos,South_Brother,South_Brother-Turf,Turf,Turf,8.08
2015,Chagos,South_Brother,South_Brother-Turf,Turf,Turf,6.22
2015,Chagos,South_Brother,South_Brother-Turf,Turf,Turf,5.39
2015,Chagos,South_Brother,South_Brother-Turf,Turf,Turf,5.81
2015,Chagos,South_Brother,South_Brother-Turf,Turf,Turf,5.66